Dấu thời gian,ASSESSMENT DATE,CREW RANK,TYPE OF ASSESSMENT,TOTAL SECTOR COMPLETED,"2. OVERALL ASSESSMENT EXPERIENCE
Please evaluate the overall quality of the assessment based on your experience.
LOW = Not effective / not representative of line operations / significant gaps identified
MED = Partially effective / acceptable with improvement needed
HIGH = Effective / operationally representative / meets expected standard [Assessment criteria clearly understood]","2. OVERALL ASSESSMENT EXPERIENCE
Please evaluate the overall quality of the assessment based on your experience.
LOW = Not effective / not representative of line operations / significant gaps identified
MED = Partially effective / acceptable with improvement needed
HIGH = Effective / operationally representative / meets expected standard [Assessment was fair and unbiased]","2. OVERALL ASSESSMENT EXPERIENCE
Please evaluate the overall quality of the assessment based on your experience.
LOW = Not effective / not representative of line operations / significant gaps identified
MED = Partially effective / acceptable with improvement needed
HIGH = Effective / operationally representative / meets expected standard [Assessment reflected real line operations]","2. OVERALL ASSESSMENT EXPERIENCE
Please evaluate the overall quality of the assessment based on your experience.
LOW = Not effective / not representative of line operations / significant gaps identified
MED = Partially effective / acceptable with improvement needed
HIGH = Effective / operationally representative / meets expected standard [Assessment allowed sufficient opportunity to perform]"
31/05/2026 3:37:32,31/05/2026,FO,FINAL CHECK,141,HIGH,HIGH,HIGH,HIGH
,,,,,,,,
,,,,,,,,
,,,,,,,,
,,,,,,,,
,,,,,,,,
,,,,,,,,
,,,,,,,,
,,,,,,,,
,,,,,,,,
,,,,,,,,
,,,,,,,,
,,,,,,,,
,,,,,,,,
,,,,,,,,
,,, ví ,,,,,
